-- --------------------------------------------------------
-- Servidor:                     127.0.0.1
-- Versão do servidor:           10.4.14-MariaDB - mariadb.org binary distribution
-- OS do Servidor:               Win64
-- HeidiSQL Versão:              11.0.0.5919
-- --------------------------------------------------------

/*!40101 SET @OLD_CHARACTER_SET_CLIENT=@@CHARACTER_SET_CLIENT */;
/*!40101 SET NAMES utf8 */;
/*!50503 SET NAMES utf8mb4 */;
/*!40014 SET @OLD_FOREIGN_KEY_CHECKS=@@FOREIGN_KEY_CHECKS, FOREIGN_KEY_CHECKS=0 */;
/*!40101 SET @OLD_SQL_MODE=@@SQL_MODE, SQL_MODE='NO_AUTO_VALUE_ON_ZERO' */;

-- Copiando estrutura para tabela register_users.addresses
CREATE TABLE IF NOT EXISTS `addresses` (
  `id` int(10) unsigned NOT NULL AUTO_INCREMENT,
  `name` varchar(255) COLLATE utf8mb4_unicode_ci NOT NULL,
  `user_id` int(10) unsigned NOT NULL,
  PRIMARY KEY (`id`),
  KEY `addresses_user_id_foreign` (`user_id`),
  CONSTRAINT `addresses_user_id_foreign` FOREIGN KEY (`user_id`) REFERENCES `users` (`id`) ON DELETE CASCADE
) ENGINE=InnoDB AUTO_INCREMENT=105 DEFAULT CHARSET=utf8mb4 COLLATE=utf8mb4_unicode_ci;

-- Copiando dados para a tabela register_users.addresses: ~30 rows (aproximadamente)
/*!40000 ALTER TABLE `addresses` DISABLE KEYS */;
REPLACE INTO `addresses` (`id`, `name`, `user_id`) VALUES
	(3, '32751 Ardith Drive\nWardfort, PA 74499-8905', 6),
	(4, '23002 Langosh Spurs\nPort Vadaview, AR 89285', 16),
	(5, '466 Aniya Bridge\nRennerton, MD 98918', 90),
	(6, '8306 Kameron Rapids Suite 432\nKuhlmanberg, HI 63831-6665', 33),
	(7, '7240 Predovic Motorway Apt. 603\nNorth Keyon, UT 13728', 7),
	(8, '91099 Johnson Cove\nWest Clarkton, CA 65437', 52),
	(9, '223 Olson Terrace\nVonRuedenside, NM 89534-0930', 25),
	(10, 'teste', 44),
	(11, '33569 Buck Lights Suite 045\nO\'Haramouth, AR 72432-3565', 8),
	(12, '850 Kris Gardens Apt. 457\nHermanfurt, IL 75287', 70),
	(13, '814 Cormier Parkways Apt. 012\nLake Darylport, KS 10922', 15),
	(14, '74262 Marshall Drives\nBerniceberg, OR 83671-2942', 94),
	(15, '2504 Stiedemann Spur\nLake Missourichester, ND 37617', 95),
	(16, '785 Hayes Neck\nNew Justicehaven, NJ 29101-4097', 20),
	(17, '5877 Casimer Locks\nPort Loniehaven, OR 89425', 96),
	(18, '98120 Meaghan Light\nRitchieland, WV 51113-9471', 14),
	(19, '62212 Adaline Trail\nWest Viva, IL 97681', 91),
	(20, '2971 Dietrich Shore Apt. 196\nNorth Selenaborough, NH 65258-7620', 41),
	(21, '493 Genesis Fords Suite 518\nBeattyfurt, MS 96099', 14),
	(22, '118 Reynolds Lake\nSouth Cooper, NC 49053', 82),
	(23, '1650 Cruickshank Forest\nUriahchester, DC 98708', 70),
	(24, '6283 Bergnaum Mills\nLake Savionfurt, IN 80272-3066', 84),
	(25, '18826 Alexandrine Hollow Suite 644\nRobertoton, ID 49796', 36),
	(26, '210 Yvonne Green Suite 844\nNew Mariannechester, FL 40984-0515', 64),
	(27, '629 Stella Canyon Suite 752\nAronland, DE 24223-7202', 56),
	(28, '813 Ferry Ports\nHaneland, ME 79072', 66),
	(29, '2271 Feil Shore Apt. 686\nWest Alverta, HI 54394-7004', 40),
	(30, '79129 McDermott Via Suite 735\nEast Blake, NE 36956-3868', 64),
	(31, '399 Harold Lodge\nCarmelafurt, VA 23809', 76),
	(32, '3632 Jessika Ramp\nNew Concepcionland, SD 39961', 19),
	(33, '56810 Gillian Place\nSouth Ethelville, WV 58493-4724', 53),
	(34, '990 Natasha Pass\nTreutelstad, PA 45465', 98),
	(36, '550 Jerrod Springs\nHintzport, VT 88193', 26),
	(37, '32866 Cole Circle Apt. 664\nWest Lew, IA 92057-4840', 54),
	(38, '17320 Stanton Common Apt. 926\nEast Abelardo, VA 23044', 96),
	(39, '52849 Romaguera Walks Suite 922\nLawrenceborough, RI 20827', 92),
	(40, '2985 Kiana Greens Suite 819\nOrtiztown, ID 72386-8495', 72),
	(41, '83351 Merlin Meadow Suite 289\nEast Willaburgh, TX 73718-6608', 29),
	(42, '1343 Wiegand Dam\nJaysonshire, WV 15847', 60),
	(43, '61374 Kirstin Turnpike Suite 181\nLake Sydnieborough, RI 97719', 28),
	(44, '59703 Schaden Village Suite 929\nEast Leopoldshire, MA 97514-5666', 43),
	(45, '740 Joy Haven Apt. 059\nBogisichfort, PA 87623', 90),
	(46, 'teste', 3),
	(48, '6229 Considine Streets\nNorth Alfredaton, HI 58583-6110', 90),
	(49, '7117 Nyasia Fords\nSmithstad, UT 47091-6604', 94),
	(50, '282 Orpha Squares\nPort Easton, VA 95945', 57),
	(51, '33582 Balistreri Harbors\nJovanystad, KY 39906', 91),
	(52, '28997 Pfannerstill Freeway\nNorth Alaina, ID 86817-7088', 75),
	(53, '25520 Laisha Fall Suite 293\nOttomouth, VT 26636-8688', 45),
	(54, '64034 Ledner Lock Suite 580\nGeraldinefort, UT 33560', 21),
	(55, '79773 Bergstrom Rapid\nNew Augustineborough, AR 51205-2647', 31),
	(56, '44040 Missouri Pine\nLegrosberg, AZ 48918', 21),
	(57, '96294 Marc Dale Apt. 063\nNew Dessie, IL 10920-1113', 92),
	(58, '768 Rosie Summit\nLake Emiliano, MO 15494', 31),
	(59, '6926 Larue Terrace\nEast Gennaroburgh, WA 90203', 54),
	(60, '1110 Senger Motorway\nWest Conor, NC 96695-4452', 21),
	(61, '3364 Arvid Hills\nEast Hettie, DC 63675', 74),
	(62, '54324 Spinka Port Apt. 452\nPort Nolanland, MD 32086', 41),
	(63, '137 Guadalupe Spurs Suite 458\nEast Bailey, WI 70034', 30),
	(65, '6643 Terrell Run Apt. 386\nPort Estellemouth, NY 46973-1499', 92),
	(66, '89352 Zboncak Way Suite 733\nSouth Drewfort, CT 90978-4584', 55),
	(67, '75746 Nolan Vista\nBerthatown, LA 44177', 37),
	(68, '7451 River Meadow Apt. 333\nFredabury, NV 02313', 93),
	(69, '3405 Adams Landing Apt. 214\nMarjoryfurt, NV 64447-9513', 69),
	(70, '37335 Johns Village Apt. 945\nColumbusstad, AL 68542', 4),
	(71, '759 Domenico Shoal\nLake Joanne, VT 03461', 36),
	(72, '6949 Yost Greens Apt. 654\nEast Abdulfurt, SD 99000-0229', 33),
	(73, '8701 Hamill Viaduct\nWehnerville, NE 12010-4937', 4),
	(74, '37519 Deckow Expressway Suite 126\nAlbinaport, NH 73208', 81),
	(75, '22541 Goyette Plains\nFrederiquefort, TX 55896-6787', 7),
	(76, '962 Crona Crossroad\nNorth Elisaburgh, ID 51439-4619', 45),
	(77, '10396 Rosalyn Stream Apt. 845\nPort Collintown, LA 75052-8792', 60),
	(78, '7486 Bechtelar Ports Suite 780\nWest Woodrow, GA 23092-0025', 95),
	(79, '4087 Santina Roads Suite 787\nSouth Jairoshire, VT 91336-4468', 66),
	(80, '452 Stamm Plains Apt. 137\nSouth Myrtle, NH 18419-6593', 74),
	(81, '159 Thiel Route Suite 371\nNew Kaycee, SD 00769', 87),
	(82, '30076 Carey Fields\nSouth Claudebury, NH 58404-4003', 86),
	(83, '357 Bins Ferry\nLake Alexandrinemouth, NV 77392', 63),
	(84, '84698 Morar Trace Suite 125\nNorth Wallacehaven, WV 18190-6681', 80),
	(85, '829 Johann Shoal\nArdenbury, WV 29911-4734', 33),
	(86, '826 Tad Unions Suite 518\nSamirbury, WY 22486-0108', 53),
	(87, '58911 Gottlieb Island Suite 246\nSouth Colton, MS 31928', 27),
	(88, '6005 Russel Throughway Suite 600\nMikaylamouth, NY 86091', 17),
	(89, '56123 Bernier Ports Apt. 536\nMcKenziechester, RI 66216', 40),
	(90, '514 Kling Unions Suite 460\nNienowborough, NM 32130-7087', 39),
	(91, '771 Bertram Springs\nNew Jade, HI 14426-4540', 55),
	(92, '258 Walter Lights\nNorth Kimberlychester, DE 32479-2512', 59),
	(93, '95028 Treutel Place\nNew Diamond, MO 92106-9061', 36),
	(94, '551 Emmanuelle Roads Apt. 190\nEmiliastad, AL 99964', 19),
	(95, '3085 Katharina Brooks Apt. 171\nWest Rasheedstad, LA 21015', 54),
	(96, '87890 Bogan Way\nLake Jarvis, NV 52015', 88),
	(97, '39072 Joe Bridge\nKrystelport, NC 64014-3846', 34),
	(98, '77865 Schinner Dam\nEloyshire, RI 39505', 47),
	(99, '802 Zulauf Point\nWest Davontebury, NH 29956', 9),
	(100, '464 Veum Burg Suite 578\nSpencerside, ND 69982', 96),
	(101, 'teste', 110),
	(102, 'teste', 111),
	(103, 'teste', 112),
	(104, 'teste', 122);
/*!40000 ALTER TABLE `addresses` ENABLE KEYS */;

-- Copiando estrutura para tabela register_users.citys
CREATE TABLE IF NOT EXISTS `citys` (
  `id` int(10) unsigned NOT NULL AUTO_INCREMENT,
  `name` varchar(255) COLLATE utf8mb4_unicode_ci NOT NULL,
  `state_id` int(10) unsigned NOT NULL,
  `created_at` timestamp NOT NULL DEFAULT current_timestamp(),
  `updated_at` timestamp NOT NULL DEFAULT current_timestamp(),
  PRIMARY KEY (`id`),
  UNIQUE KEY `citys_name_unique` (`name`),
  KEY `citys_state_id_foreign` (`state_id`),
  CONSTRAINT `citys_state_id_foreign` FOREIGN KEY (`state_id`) REFERENCES `states` (`id`)
) ENGINE=InnoDB AUTO_INCREMENT=101 DEFAULT CHARSET=utf8mb4 COLLATE=utf8mb4_unicode_ci;

-- Copiando dados para a tabela register_users.citys: ~30 rows (aproximadamente)
/*!40000 ALTER TABLE `citys` DISABLE KEYS */;
REPLACE INTO `citys` (`id`, `name`, `state_id`, `created_at`, `updated_at`) VALUES
	(1, 'Port Seamus', 2, '2021-09-24 01:44:06', '2021-09-24 01:44:06'),
	(2, 'North Elva', 4, '2021-09-24 01:44:06', '2021-09-24 01:44:06'),
	(3, 'West Velva', 1, '2021-09-24 01:44:06', '2021-09-24 01:44:06'),
	(4, 'Yesseniaview', 5, '2021-09-24 01:44:06', '2021-09-24 01:44:06'),
	(5, 'East Erick', 2, '2021-09-24 01:44:06', '2021-09-24 01:44:06'),
	(6, 'Creminbury', 1, '2021-09-24 01:44:06', '2021-09-24 01:44:06'),
	(7, 'West Haylie', 4, '2021-09-24 01:44:06', '2021-09-24 01:44:06'),
	(8, 'Mohamedburgh', 5, '2021-09-24 01:44:06', '2021-09-24 01:44:06'),
	(9, 'New April', 2, '2021-09-24 01:44:06', '2021-09-24 01:44:06'),
	(10, 'Lake Lou', 5, '2021-09-24 01:44:06', '2021-09-24 01:44:06'),
	(11, 'South Erin', 1, '2021-09-24 01:44:06', '2021-09-24 01:44:06'),
	(12, 'Legrosstad', 3, '2021-09-24 01:44:06', '2021-09-24 01:44:06'),
	(13, 'Lake Joeychester', 3, '2021-09-24 01:44:06', '2021-09-24 01:44:06'),
	(14, 'Romagueramouth', 1, '2021-09-24 01:44:06', '2021-09-24 01:44:06'),
	(15, 'Willychester', 2, '2021-09-24 01:44:06', '2021-09-24 01:44:06'),
	(16, 'Lakinport', 2, '2021-09-24 01:44:06', '2021-09-24 01:44:06'),
	(17, 'East Olafhaven', 3, '2021-09-24 01:44:06', '2021-09-24 01:44:06'),
	(18, 'Westfurt', 5, '2021-09-24 01:44:06', '2021-09-24 01:44:06'),
	(19, 'North Lolitaville', 2, '2021-09-24 01:44:06', '2021-09-24 01:44:06'),
	(20, 'North Wardville', 2, '2021-09-24 01:44:06', '2021-09-24 01:44:06'),
	(21, 'Hayestown', 3, '2021-09-24 01:44:06', '2021-09-24 01:44:06'),
	(22, 'East Patview', 3, '2021-09-24 01:44:06', '2021-09-24 01:44:06'),
	(23, 'South Samirshire', 3, '2021-09-24 01:44:06', '2021-09-24 01:44:06'),
	(24, 'Baileyburgh', 3, '2021-09-24 01:44:06', '2021-09-24 01:44:06'),
	(25, 'Kelsifurt', 2, '2021-09-24 01:44:06', '2021-09-24 01:44:06'),
	(26, 'Lake Eda', 1, '2021-09-24 01:44:06', '2021-09-24 01:44:06'),
	(27, 'Lake Garett', 5, '2021-09-24 01:44:06', '2021-09-24 01:44:06'),
	(28, 'Purdyfort', 2, '2021-09-24 01:44:06', '2021-09-24 01:44:06'),
	(29, 'West Reillytown', 1, '2021-09-24 01:44:06', '2021-09-24 01:44:06'),
	(30, 'Thaddeusmouth', 4, '2021-09-24 01:44:06', '2021-09-24 01:44:06'),
	(31, 'East Susanaville', 4, '2021-09-24 01:44:06', '2021-09-24 01:44:06'),
	(32, 'Zoeyfurt', 4, '2021-09-24 01:44:06', '2021-09-24 01:44:06'),
	(33, 'Beaulahburgh', 4, '2021-09-24 01:44:06', '2021-09-24 01:44:06'),
	(34, 'Novellamouth', 4, '2021-09-24 01:44:06', '2021-09-24 01:44:06'),
	(35, 'Hellerview', 5, '2021-09-24 01:44:06', '2021-09-24 01:44:06'),
	(36, 'East Ella', 3, '2021-09-24 01:44:06', '2021-09-24 01:44:06'),
	(37, 'Jarvisland', 2, '2021-09-24 01:44:06', '2021-09-24 01:44:06'),
	(38, 'New Adelestad', 2, '2021-09-24 01:44:06', '2021-09-24 01:44:06'),
	(39, 'Lake Edmundbury', 1, '2021-09-24 01:44:06', '2021-09-24 01:44:06'),
	(40, 'Jerrodfort', 4, '2021-09-24 01:44:06', '2021-09-24 01:44:06'),
	(41, 'West Elroyville', 1, '2021-09-24 01:44:06', '2021-09-24 01:44:06'),
	(42, 'Mitchelshire', 4, '2021-09-24 01:44:06', '2021-09-24 01:44:06'),
	(43, 'Carlottamouth', 1, '2021-09-24 01:44:06', '2021-09-24 01:44:06'),
	(44, 'Laviniaborough', 1, '2021-09-24 01:44:06', '2021-09-24 01:44:06'),
	(45, 'Elfriedahaven', 4, '2021-09-24 01:44:06', '2021-09-24 01:44:06'),
	(46, 'Lake Gabriellaton', 3, '2021-09-24 01:44:06', '2021-09-24 01:44:06'),
	(47, 'North Abdullahfurt', 3, '2021-09-24 01:44:06', '2021-09-24 01:44:06'),
	(48, 'Rickymouth', 2, '2021-09-24 01:44:06', '2021-09-24 01:44:06'),
	(49, 'Abbieberg', 2, '2021-09-24 01:44:06', '2021-09-24 01:44:06'),
	(50, 'Jaclynhaven', 3, '2021-09-24 01:44:06', '2021-09-24 01:44:06'),
	(51, 'East Leora', 4, '2021-09-24 01:44:06', '2021-09-24 01:44:06'),
	(52, 'North Maximillian', 4, '2021-09-24 01:44:06', '2021-09-24 01:44:06'),
	(53, 'Watersside', 3, '2021-09-24 01:44:06', '2021-09-24 01:44:06'),
	(54, 'Spencerside', 4, '2021-09-24 01:44:06', '2021-09-24 01:44:06'),
	(55, 'Roryfurt', 1, '2021-09-24 01:44:06', '2021-09-24 01:44:06'),
	(56, 'Hoppeberg', 3, '2021-09-24 01:44:06', '2021-09-24 01:44:06'),
	(57, 'Lake Michealton', 4, '2021-09-24 01:44:06', '2021-09-24 01:44:06'),
	(58, 'West Cooper', 1, '2021-09-24 01:44:06', '2021-09-24 01:44:06'),
	(59, 'Lavonbury', 5, '2021-09-24 01:44:06', '2021-09-24 01:44:06'),
	(60, 'Armstrongmouth', 3, '2021-09-24 01:44:06', '2021-09-24 01:44:06'),
	(61, 'South Maya', 1, '2021-09-24 01:44:06', '2021-09-24 01:44:06'),
	(62, 'Klockoville', 2, '2021-09-24 01:44:06', '2021-09-24 01:44:06'),
	(63, 'Arvidland', 1, '2021-09-24 01:44:06', '2021-09-24 01:44:06'),
	(64, 'Port Julianamouth', 1, '2021-09-24 01:44:06', '2021-09-24 01:44:06'),
	(65, 'Fordmouth', 2, '2021-09-24 01:44:06', '2021-09-24 01:44:06'),
	(66, 'Port Randall', 5, '2021-09-24 01:44:06', '2021-09-24 01:44:06'),
	(67, 'South Shemar', 3, '2021-09-24 01:44:06', '2021-09-24 01:44:06'),
	(68, 'South Abdul', 4, '2021-09-24 01:44:06', '2021-09-24 01:44:06'),
	(69, 'Kunzeland', 2, '2021-09-24 01:44:06', '2021-09-24 01:44:06'),
	(70, 'New Corenemouth', 2, '2021-09-24 01:44:06', '2021-09-24 01:44:06'),
	(71, 'New Kara', 2, '2021-09-24 01:44:06', '2021-09-24 01:44:06'),
	(72, 'Rohanshire', 5, '2021-09-24 01:44:06', '2021-09-24 01:44:06'),
	(73, 'Rutherfordton', 5, '2021-09-24 01:44:06', '2021-09-24 01:44:06'),
	(74, 'East Jessikabury', 2, '2021-09-24 01:44:06', '2021-09-24 01:44:06'),
	(75, 'South Mark', 1, '2021-09-24 01:44:06', '2021-09-24 01:44:06'),
	(76, 'North Orvilleville', 1, '2021-09-24 01:44:06', '2021-09-24 01:44:06'),
	(77, 'Shayleechester', 1, '2021-09-24 01:44:06', '2021-09-24 01:44:06'),
	(78, 'Swiftchester', 1, '2021-09-24 01:44:06', '2021-09-24 01:44:06'),
	(79, 'Jenkinsmouth', 1, '2021-09-24 01:44:06', '2021-09-24 01:44:06'),
	(80, 'Feestton', 2, '2021-09-24 01:44:06', '2021-09-24 01:44:06'),
	(81, 'South Rachaelport', 2, '2021-09-24 01:44:06', '2021-09-24 01:44:06'),
	(82, 'New Markus', 2, '2021-09-24 01:44:06', '2021-09-24 01:44:06'),
	(83, 'North Jedediah', 4, '2021-09-24 01:44:06', '2021-09-24 01:44:06'),
	(84, 'Mohrside', 4, '2021-09-24 01:44:06', '2021-09-24 01:44:06'),
	(85, 'North Kaycee', 2, '2021-09-24 01:44:06', '2021-09-24 01:44:06'),
	(86, 'Nienowchester', 2, '2021-09-24 01:44:06', '2021-09-24 01:44:06'),
	(87, 'South Earlborough', 2, '2021-09-24 01:44:06', '2021-09-24 01:44:06'),
	(88, 'Leuschkestad', 3, '2021-09-24 01:44:06', '2021-09-24 01:44:06'),
	(89, 'South Darianchester', 3, '2021-09-24 01:44:06', '2021-09-24 01:44:06'),
	(90, 'Lake Jordonland', 1, '2021-09-24 01:44:06', '2021-09-24 01:44:06'),
	(91, 'Mattieburgh', 1, '2021-09-24 01:44:06', '2021-09-24 01:44:06'),
	(92, 'West Brice', 1, '2021-09-24 01:44:06', '2021-09-24 01:44:06'),
	(93, 'Lake Jayceland', 2, '2021-09-24 01:44:06', '2021-09-24 01:44:06'),
	(94, 'Connorfurt', 4, '2021-09-24 01:44:06', '2021-09-24 01:44:06'),
	(95, 'Jaydonville', 4, '2021-09-24 01:44:06', '2021-09-24 01:44:06'),
	(96, 'Rosenbaumside', 3, '2021-09-24 01:44:06', '2021-09-24 01:44:06'),
	(97, 'North Clintonmouth', 5, '2021-09-24 01:44:06', '2021-09-24 01:44:06'),
	(98, 'South Maximilliantown', 4, '2021-09-24 01:44:06', '2021-09-24 01:44:06'),
	(99, 'McLaughlinshire', 5, '2021-09-24 01:44:06', '2021-09-24 01:44:06'),
	(100, 'Walterport', 5, '2021-09-24 01:44:06', '2021-09-24 01:44:06');
/*!40000 ALTER TABLE `citys` ENABLE KEYS */;

-- Copiando estrutura para tabela register_users.migrations
CREATE TABLE IF NOT EXISTS `migrations` (
  `id` int(10) unsigned NOT NULL AUTO_INCREMENT,
  `migration` varchar(255) COLLATE utf8mb4_unicode_ci NOT NULL,
  `batch` int(11) NOT NULL,
  PRIMARY KEY (`id`)
) ENGINE=InnoDB AUTO_INCREMENT=5 DEFAULT CHARSET=utf8mb4 COLLATE=utf8mb4_unicode_ci;

-- Copiando dados para a tabela register_users.migrations: ~4 rows (aproximadamente)
/*!40000 ALTER TABLE `migrations` DISABLE KEYS */;
REPLACE INTO `migrations` (`id`, `migration`, `batch`) VALUES
	(1, '2021_09_23_222442_states', 1),
	(2, '2021_09_23_222443_citys', 1),
	(3, '2021_09_23_222444_users', 1),
	(4, '2021_09_23_222445_addresses', 1);
/*!40000 ALTER TABLE `migrations` ENABLE KEYS */;

-- Copiando estrutura para tabela register_users.states
CREATE TABLE IF NOT EXISTS `states` (
  `id` int(10) unsigned NOT NULL AUTO_INCREMENT,
  `name` varchar(255) COLLATE utf8mb4_unicode_ci NOT NULL,
  `created_at` timestamp NOT NULL DEFAULT current_timestamp(),
  `updated_at` timestamp NOT NULL DEFAULT current_timestamp(),
  PRIMARY KEY (`id`),
  UNIQUE KEY `states_name_unique` (`name`)
) ENGINE=InnoDB AUTO_INCREMENT=7 DEFAULT CHARSET=utf8mb4 COLLATE=utf8mb4_unicode_ci;

-- Copiando dados para a tabela register_users.states: ~3 rows (aproximadamente)
/*!40000 ALTER TABLE `states` DISABLE KEYS */;
REPLACE INTO `states` (`id`, `name`, `created_at`, `updated_at`) VALUES
	(1, 'Pennsylvania', '2021-09-24 01:44:06', '2021-09-24 01:44:06'),
	(2, 'Florida', '2021-09-24 01:44:06', '2021-09-24 01:44:06'),
	(3, 'New Mexico', '2021-09-24 01:44:06', '2021-09-24 01:44:06'),
	(4, 'Colorado', '2021-09-24 01:44:06', '2021-09-24 01:44:06'),
	(5, 'Minnesota', '2021-09-24 01:44:06', '2021-09-24 01:44:06');
/*!40000 ALTER TABLE `states` ENABLE KEYS */;

-- Copiando estrutura para tabela register_users.users
CREATE TABLE IF NOT EXISTS `users` (
  `id` int(10) unsigned NOT NULL AUTO_INCREMENT,
  `name` varchar(255) COLLATE utf8mb4_unicode_ci NOT NULL,
  `state_id` int(10) unsigned NOT NULL,
  `city_id` int(10) unsigned NOT NULL,
  `created_at` timestamp NOT NULL DEFAULT current_timestamp(),
  `updated_at` timestamp NOT NULL DEFAULT current_timestamp(),
  PRIMARY KEY (`id`),
  KEY `users_state_id_foreign` (`state_id`),
  KEY `users_city_id_foreign` (`city_id`),
  CONSTRAINT `users_city_id_foreign` FOREIGN KEY (`city_id`) REFERENCES `citys` (`id`),
  CONSTRAINT `users_state_id_foreign` FOREIGN KEY (`state_id`) REFERENCES `states` (`id`)
) ENGINE=InnoDB AUTO_INCREMENT=123 DEFAULT CHARSET=utf8mb4 COLLATE=utf8mb4_unicode_ci;

-- Copiando dados para a tabela register_users.users: ~30 rows (aproximadamente)
/*!40000 ALTER TABLE `users` DISABLE KEYS */;
REPLACE INTO `users` (`id`, `name`, `state_id`, `city_id`, `created_at`, `updated_at`) VALUES
	(3, 'teste', 1, 1, '2021-09-24 01:44:07', '2021-09-24 01:44:07'),
	(4, 'Mr. Hadley Pfeffer DDS', 3, 53, '2021-09-24 01:44:07', '2021-09-24 01:44:07'),
	(5, 'Lawson Spinka', 4, 83, '2021-09-24 01:44:07', '2021-09-24 01:44:07'),
	(6, 'Autumn Murazik', 3, 60, '2021-09-24 01:44:07', '2021-09-24 01:44:07'),
	(7, 'Irwin Stehr', 1, 64, '2021-09-24 01:44:07', '2021-09-24 01:44:07'),
	(8, 'Vito Sporer', 1, 58, '2021-09-24 01:44:07', '2021-09-24 01:44:07'),
	(9, 'Rodger Welch', 2, 48, '2021-09-24 01:44:07', '2021-09-24 01:44:07'),
	(10, 'teste', 1, 1, '2021-09-24 01:44:07', '2021-09-24 16:32:07'),
	(11, 'Ms. Eunice Ferry II', 2, 37, '2021-09-24 01:44:07', '2021-09-24 01:44:07'),
	(12, 'Karianne DuBuque', 4, 52, '2021-09-24 01:44:07', '2021-09-24 01:44:07'),
	(13, 'Marie Dare', 3, 53, '2021-09-24 01:44:07', '2021-09-24 01:44:07'),
	(14, 'Alexanne Hirthe', 2, 28, '2021-09-24 01:44:07', '2021-09-24 01:44:07'),
	(15, 'Sophia McGlynn', 3, 13, '2021-09-24 01:44:07', '2021-09-24 01:44:07'),
	(16, 'Zoey Swift', 1, 44, '2021-09-24 01:44:07', '2021-09-24 01:44:07'),
	(17, 'Lonie Conn', 5, 8, '2021-09-24 01:44:07', '2021-09-24 01:44:07'),
	(18, 'Anya Gerhold', 2, 48, '2021-09-24 01:44:07', '2021-09-24 01:44:07'),
	(19, 'Ms. Laila Kiehn', 1, 26, '2021-09-24 01:44:07', '2021-09-24 01:44:07'),
	(20, 'Crystal Lubowitz', 1, 76, '2021-09-24 01:44:07', '2021-09-24 01:44:07'),
	(21, 'Noemie Hammes', 2, 28, '2021-09-24 01:44:07', '2021-09-24 01:44:07'),
	(22, 'Rosa Hansen', 1, 11, '2021-09-24 01:44:07', '2021-09-24 01:44:07'),
	(23, 'Boyd Ledner', 2, 81, '2021-09-24 01:44:07', '2021-09-24 01:44:07'),
	(24, 'Kristoffer Fay Jr.', 1, 79, '2021-09-24 01:44:07', '2021-09-24 01:44:07'),
	(25, 'Prof. Emmanuelle Nolan I', 1, 61, '2021-09-24 01:44:07', '2021-09-24 01:44:07'),
	(26, 'Mr. Roberto Nader V', 2, 74, '2021-09-24 01:44:07', '2021-09-24 01:44:07'),
	(27, 'Marlen Heathcote', 4, 45, '2021-09-24 01:44:07', '2021-09-24 01:44:07'),
	(28, 'Emely Nienow', 4, 33, '2021-09-24 01:44:07', '2021-09-24 01:44:07'),
	(29, 'Hailie Kreiger', 4, 32, '2021-09-24 01:44:07', '2021-09-24 01:44:07'),
	(30, 'Nona Terry', 3, 56, '2021-09-24 01:44:07', '2021-09-24 01:44:07'),
	(31, 'Noelia Robel', 1, 90, '2021-09-24 01:44:07', '2021-09-24 01:44:07'),
	(32, 'Collin VonRueden', 2, 71, '2021-09-24 01:44:07', '2021-09-24 01:44:07'),
	(33, 'Mrs. Alfreda Labadie', 2, 86, '2021-09-24 01:44:07', '2021-09-24 01:44:07'),
	(34, 'Kelsie Bogisich', 3, 56, '2021-09-24 01:44:07', '2021-09-24 01:44:07'),
	(35, 'Ryan Skiles II', 2, 49, '2021-09-24 01:44:07', '2021-09-24 01:44:07'),
	(36, 'Dr. Glenda McLaughlin', 3, 13, '2021-09-24 01:44:07', '2021-09-24 01:44:07'),
	(37, 'Mavis Nader', 4, 45, '2021-09-24 01:44:07', '2021-09-24 01:44:07'),
	(38, 'Darien Dickens', 2, 5, '2021-09-24 01:44:07', '2021-09-24 01:44:07'),
	(39, 'Charlie McGlynn', 1, 63, '2021-09-24 01:44:07', '2021-09-24 01:44:07'),
	(40, 'Jamil Gerlach', 1, 79, '2021-09-24 01:44:07', '2021-09-24 01:44:07'),
	(41, 'Missouri Toy', 5, 18, '2021-09-24 01:44:07', '2021-09-24 01:44:07'),
	(42, 'Dr. Corbin Champlin', 4, 2, '2021-09-24 01:44:07', '2021-09-24 01:44:07'),
	(43, 'Mariane Bosco', 2, 82, '2021-09-24 01:44:07', '2021-09-24 01:44:07'),
	(44, 'Ms. Margaret Paucek III', 2, 65, '2021-09-24 01:44:07', '2021-09-24 01:44:07'),
	(45, 'Ramona Mayer', 3, 89, '2021-09-24 01:44:07', '2021-09-24 01:44:07'),
	(46, 'Isadore Morissette', 1, 26, '2021-09-24 01:44:07', '2021-09-24 01:44:07'),
	(47, 'Derek Considine', 4, 84, '2021-09-24 01:44:07', '2021-09-24 01:44:07'),
	(48, 'Oceane Stokes', 1, 91, '2021-09-24 01:44:07', '2021-09-24 01:44:07'),
	(49, 'Mariah Ernser PhD', 1, 41, '2021-09-24 01:44:07', '2021-09-24 01:44:07'),
	(50, 'Eldora Eichmann', 1, 61, '2021-09-24 01:44:07', '2021-09-24 01:44:07'),
	(51, 'Prof. Chris Bayer MD', 1, 79, '2021-09-24 01:44:07', '2021-09-24 01:44:07'),
	(52, 'Roselyn Rau', 2, 86, '2021-09-24 01:44:07', '2021-09-24 01:44:07'),
	(53, 'Lamont Rippin', 2, 82, '2021-09-24 01:44:07', '2021-09-24 01:44:07'),
	(54, 'Meggie Stokes', 4, 54, '2021-09-24 01:44:07', '2021-09-24 01:44:07'),
	(55, 'Bianka Greenfelder', 4, 52, '2021-09-24 01:44:07', '2021-09-24 01:44:07'),
	(56, 'Issac D\'Amore', 2, 65, '2021-09-24 01:44:07', '2021-09-24 01:44:07'),
	(57, 'Prof. Lenore Frami IV', 5, 59, '2021-09-24 01:44:07', '2021-09-24 01:44:07'),
	(58, 'Dr. Kacey Tromp', 1, 55, '2021-09-24 01:44:07', '2021-09-24 01:44:07'),
	(59, 'Agnes Howell', 4, 98, '2021-09-24 01:44:07', '2021-09-24 01:44:07'),
	(60, 'Jeremy Gislason I', 5, 100, '2021-09-24 01:44:07', '2021-09-24 01:44:07'),
	(61, 'Jedidiah Gusikowski', 2, 15, '2021-09-24 01:44:07', '2021-09-24 01:44:07'),
	(62, 'Mrs. Modesta Jerde', 5, 59, '2021-09-24 01:44:07', '2021-09-24 01:44:07'),
	(63, 'Nolan Lockman II', 4, 98, '2021-09-24 01:44:07', '2021-09-24 01:44:07'),
	(64, 'Mateo Kling', 2, 62, '2021-09-24 01:44:07', '2021-09-24 01:44:07'),
	(65, 'Prof. Aimee Lind I', 3, 23, '2021-09-24 01:44:07', '2021-09-24 01:44:07'),
	(66, 'Casey Ruecker', 5, 8, '2021-09-24 01:44:07', '2021-09-24 01:44:07'),
	(67, 'Ellsworth Beatty', 4, 7, '2021-09-24 01:44:07', '2021-09-24 01:44:07'),
	(68, 'Prof. Jaydon Becker PhD', 4, 54, '2021-09-24 01:44:07', '2021-09-24 01:44:07'),
	(69, 'Matteo Abshire', 2, 1, '2021-09-24 01:44:07', '2021-09-24 01:44:07'),
	(70, 'Flo Windler', 2, 15, '2021-09-24 01:44:07', '2021-09-24 01:44:07'),
	(71, 'Tabitha Wyman IV', 1, 6, '2021-09-24 01:44:07', '2021-09-24 01:44:07'),
	(72, 'Prof. Helga Anderson', 2, 49, '2021-09-24 01:44:07', '2021-09-24 01:44:07'),
	(73, 'Ophelia Grant', 1, 55, '2021-09-24 01:44:07', '2021-09-24 01:44:07'),
	(74, 'Karlie Dickinson', 5, 59, '2021-09-24 01:44:07', '2021-09-24 01:44:07'),
	(75, 'Mrs. Daniela Gerhold', 3, 46, '2021-09-24 01:44:07', '2021-09-24 01:44:07'),
	(76, 'Alena Koss', 4, 54, '2021-09-24 01:44:07', '2021-09-24 01:44:07'),
	(77, 'Brittany Funk', 2, 48, '2021-09-24 01:44:07', '2021-09-24 01:44:07'),
	(78, 'Paige Luettgen', 5, 18, '2021-09-24 01:44:07', '2021-09-24 01:44:07'),
	(79, 'Ms. Tianna Frami Sr.', 1, 11, '2021-09-24 01:44:07', '2021-09-24 01:44:07'),
	(80, 'Mrs. Alessandra Jerde', 4, 52, '2021-09-24 01:44:07', '2021-09-24 01:44:07'),
	(81, 'Dr. Easton Luettgen DVM', 3, 50, '2021-09-24 01:44:07', '2021-09-24 01:44:07'),
	(82, 'Mallie Yundt Sr.', 2, 25, '2021-09-24 01:44:07', '2021-09-24 01:44:07'),
	(83, 'Lorna Howe', 5, 97, '2021-09-24 01:44:07', '2021-09-24 01:44:07'),
	(84, 'Eden Howe', 2, 16, '2021-09-24 01:44:07', '2021-09-24 01:44:07'),
	(85, 'Jennie Gorczany', 4, 94, '2021-09-24 01:44:07', '2021-09-24 01:44:07'),
	(86, 'Mr. Deshaun Kshlerin DVM', 2, 80, '2021-09-24 01:44:07', '2021-09-24 01:44:07'),
	(87, 'Herta Bechtelar', 1, 41, '2021-09-24 01:44:07', '2021-09-24 01:44:07'),
	(88, 'Jon Schultz', 3, 12, '2021-09-24 01:44:07', '2021-09-24 01:44:07'),
	(89, 'Dr. Mikel Koelpin I', 2, 81, '2021-09-24 01:44:07', '2021-09-24 01:44:07'),
	(90, 'Cleta Armstrong', 5, 10, '2021-09-24 01:44:07', '2021-09-24 01:44:07'),
	(91, 'Eduardo Bednar', 3, 36, '2021-09-24 01:44:07', '2021-09-24 01:44:07'),
	(92, 'Bernadette Haley', 5, 97, '2021-09-24 01:44:07', '2021-09-24 01:44:07'),
	(93, 'Angela Nikolaus', 5, 8, '2021-09-24 01:44:07', '2021-09-24 01:44:07'),
	(94, 'Violette Bogan', 2, 25, '2021-09-24 01:44:07', '2021-09-24 01:44:07'),
	(95, 'Dr. Layla Nicolas', 2, 93, '2021-09-24 01:44:07', '2021-09-24 01:44:07'),
	(96, 'Mr. Akeem Cruickshank V', 5, 35, '2021-09-24 01:44:07', '2021-09-24 01:44:07'),
	(97, 'Dr. Erik Simonis', 5, 4, '2021-09-24 01:44:07', '2021-09-24 01:44:07'),
	(98, 'Joanie Luettgen', 5, 97, '2021-09-24 01:44:07', '2021-09-24 01:44:07'),
	(99, 'Darrin Runte', 4, 94, '2021-09-24 01:44:07', '2021-09-24 01:44:07'),
	(100, 'Mr. Jamel Will', 1, 44, '2021-09-24 01:44:07', '2021-09-24 01:44:07'),
	(101, 'teste', 1, 1, '2021-09-24 01:54:06', '2021-09-24 01:54:06'),
	(102, 'Joao', 1, 1, '2021-09-24 15:42:08', '2021-09-24 15:42:08'),
	(103, 'teste', 1, 1, '2021-09-24 15:52:02', '2021-09-24 15:52:02'),
	(104, 'teste', 1, 1, '2021-09-24 15:53:24', '2021-09-24 15:53:24'),
	(105, 'teste', 1, 1, '2021-09-24 15:53:48', '2021-09-24 15:53:48'),
	(106, 'teste', 1, 1, '2021-09-24 15:54:29', '2021-09-24 15:54:29'),
	(107, 'teste', 1, 1, '2021-09-24 15:54:39', '2021-09-24 15:54:39'),
	(108, 'teste', 1, 1, '2021-09-24 15:54:54', '2021-09-24 15:54:54'),
	(109, 'teste', 1, 1, '2021-09-24 15:55:32', '2021-09-24 15:55:32'),
	(110, 'teste', 1, 1, '2021-09-24 15:55:47', '2021-09-24 15:55:47'),
	(111, 'teste', 1, 1, '2021-09-24 15:55:54', '2021-09-24 15:55:54'),
	(112, 'teste', 1, 1, '2021-09-24 15:56:19', '2021-09-24 15:56:19'),
	(113, 'teste', 1, 1, '2021-09-24 16:25:09', '2021-09-24 16:25:09'),
	(114, 'teste', 1, 1, '2021-09-24 16:25:55', '2021-09-24 16:25:55'),
	(115, 'teste', 1, 1, '2021-09-24 16:26:07', '2021-09-24 16:26:07'),
	(116, 'teste', 1, 1, '2021-09-24 16:26:22', '2021-09-24 16:26:22'),
	(117, 'teste', 1, 1, '2021-09-24 16:28:02', '2021-09-24 16:28:02'),
	(118, 'teste', 1, 1, '2021-09-24 16:28:38', '2021-09-24 16:28:38'),
	(119, 'teste', 1, 1, '2021-09-24 16:28:55', '2021-09-24 16:28:55'),
	(120, 'teste', 1, 1, '2021-09-24 16:29:04', '2021-09-24 16:29:04'),
	(121, 'teste', 1, 1, '2021-09-24 16:29:51', '2021-09-24 16:29:51'),
	(122, 'teste', 1, 1, '2021-09-24 16:30:21', '2021-09-24 16:30:21');
/*!40000 ALTER TABLE `users` ENABLE KEYS */;

/*!40101 SET SQL_MODE=IFNULL(@OLD_SQL_MODE, '') */;
/*!40014 SET FOREIGN_KEY_CHECKS=IF(@OLD_FOREIGN_KEY_CHECKS IS NULL, 1, @OLD_FOREIGN_KEY_CHECKS) */;
/*!40101 SET CHARACTER_SET_CLIENT=@OLD_CHARACTER_SET_CLIENT */;
